product,source,missingField,severity
Red Cotton Home Accessory,fermliving.com,dimensions,minor
Red Cotton Home Accessory,fermliving.com,weight,minor
Cotton Black Layer Cushion Cover Cashmere,fermliving.com,dimensions,minor
Cotton Black Layer Cushion Cover Cashmere,fermliving.com,weight,minor
Cotton Red Layer Cushion Rectangular Multi,fermliving.com,dimensions,minor
Cotton Red Layer Cushion Rectangular Multi,fermliving.com,weight,minor
Cotton Black Soft Twill Cushion Cashmere,fermliving.com,dimensions,minor
Cotton Black Soft Twill Cushion Cashmere,fermliving.com,weight,minor
Aluminium Fireplace Candelabra,viridianbay.com,dimensions,minor
Aluminium Fireplace Candelabra,viridianbay.com,weight,minor
Glass Home Accessory,viridianbay.com,dimensions,minor
Glass Home Accessory,viridianbay.com,weight,minor
Aluminium Home Accessory,viridianbay.com,dimensions,minor
Aluminium Home Accessory,viridianbay.com,weight,minor
Bolster Cushion Cashmere,fermliving.com,dimensions,minor
Bolster Cushion Cashmere,fermliving.com,weight,minor
Cotton Black Soft Bolster Cushion Off-White,fermliving.com,dimensions,minor
Cotton Black Soft Bolster Cushion Off-White,fermliving.com,weight,minor
Rattan Black Layer Sofa Cushions Poly,thecozygarden.com,dimensions,minor
Rattan Black Layer Sofa Cushions Poly,thecozygarden.com,weight,minor
Aluminium Touch Home Accessory — Garden Heron,viridianbay.com,dimensions,minor
Aluminium Touch Home Accessory — Garden Heron,viridianbay.com,weight,minor
Dark Stained Beech Home Accessory,fermliving.com,material,minor
Dark Stained Beech Home Accessory,fermliving.com,dimensions,minor
Dark Stained Beech Home Accessory,fermliving.com,weight,minor
Cotton Natural Layer Rectangular Dark Chocolate,fermliving.com,dimensions,minor
Cotton Natural Layer Rectangular Dark Chocolate,fermliving.com,weight,minor
Layer Block Candle Bronze — Burren Block,fermliving.com,material,minor
Layer Block Candle Bronze — Burren Block,fermliving.com,dimensions,minor
Layer Block Candle Bronze — Burren Block,fermliving.com,weight,minor
Aluminium Layer TêTe Garden Sculpture,viridianbay.com,dimensions,minor
Aluminium Layer TêTe Garden Sculpture,viridianbay.com,weight,minor
Aluminium Layer Nuzzles Garden Sculpture,viridianbay.com,dimensions,minor
Aluminium Layer Nuzzles Garden Sculpture,viridianbay.com,weight,minor
Aluminium Layer Couple Garden Statue,viridianbay.com,dimensions,minor
Aluminium Layer Couple Garden Statue,viridianbay.com,weight,minor
Cotton Layer Bolster Cushion Undyed,fermliving.com,dimensions,minor
Cotton Layer Bolster Cushion Undyed,fermliving.com,weight,minor
Layer Block Candle Bronze — Burren Block Candle - Small - Bronze,fermliving.com,material,minor
Layer Block Candle Bronze — Burren Block Candle - Small - Bronze,fermliving.com,dimensions,minor
Layer Block Candle Bronze — Burren Block Candle - Small - Bronze,fermliving.com,weight,minor
Cotton undyed cushion cover,fermliving.com,dimensions,minor
Cotton undyed cushion cover,fermliving.com,weight,minor
Pine Soft Dance Garden Sculpture,viridianbay.com,dimensions,minor
Pine Soft Dance Garden Sculpture,viridianbay.com,weight,minor
Aluminium Touch Home Accessory — Woodland Joyride,viridianbay.com,dimensions,minor
Aluminium Touch Home Accessory — Woodland Joyride,viridianbay.com,weight,minor
Aluminium Layer King Garden Sculpture,viridianbay.com,dimensions,minor
Aluminium Layer King Garden Sculpture,viridianbay.com,weight,minor
Steel Water Fountain Pump,thecozygarden.com,dimensions,minor
Steel Water Fountain Pump,thecozygarden.com,weight,minor
Green Steel Garden Piece,thecozygarden.com,dimensions,minor
Green Steel Garden Piece,thecozygarden.com,weight,minor
Red Steel Decor,thecozygarden.com,dimensions,minor
Red Steel Decor,thecozygarden.com,weight,minor
Symmetry Mirror Green Travertine,fermliving.com,dimensions,minor
Symmetry Mirror Green Travertine,fermliving.com,weight,minor
Glass Still Decorative Accent,thecozygarden.com,dimensions,minor
Glass Still Decorative Accent,thecozygarden.com,weight,minor
Pine Still Decorative Accent,thecozygarden.com,dimensions,minor
Pine Still Decorative Accent,thecozygarden.com,weight,minor
Eddy Vase Polished,fermliving.com,dimensions,minor
Eddy Vase Polished,fermliving.com,weight,minor
Mirror Curve Orbelle Etagere Polished,fermliving.com,dimensions,minor
Mirror Curve Orbelle Etagere Polished,fermliving.com,weight,minor
Walnut Echo Wall Sconce Accent,lewpe.com,weight,minor
Walnut Echo Wall Sconce Accent,lewpe.com,variants,minor
Mirror Natural Form Folia Burl,fermliving.com,dimensions,minor
Mirror Natural Form Folia Burl,fermliving.com,weight,minor
Mirror Still Dark Stained Burl,fermliving.com,dimensions,minor
Mirror Still Dark Stained Burl,fermliving.com,weight,minor
Steel Rust Echo Garden Raised Bed,thecozygarden.com,dimensions,minor
Steel Rust Echo Garden Raised Bed,thecozygarden.com,weight,minor
Jute Green Still House Compartment Holes,thecozygarden.com,dimensions,minor
Jute Green Still House Compartment Holes,thecozygarden.com,weight,minor
Iron Red Echo Wood Outdoor Birdhouse,thecozygarden.com,dimensions,minor
Iron Red Echo Wood Outdoor Birdhouse,thecozygarden.com,weight,minor
Aluminium Form Stool Accent Table,viridianbay.com,dimensions,minor
Aluminium Form Stool Accent Table,viridianbay.com,weight,minor
Aluminium Echo Palmas Garden Stool,viridianbay.com,dimensions,minor
Aluminium Echo Palmas Garden Stool,viridianbay.com,weight,minor
Mirror Form Hummingbird Blossoms Vanity,viridianbay.com,dimensions,minor
Mirror Form Hummingbird Blossoms Vanity,viridianbay.com,weight,minor
Water Oxygen Circulation Device,thecozygarden.com,material,minor
Water Oxygen Circulation Device,thecozygarden.com,dimensions,minor
Water Oxygen Circulation Device,thecozygarden.com,weight,minor
Sandpipers lantern,viridianbay.com,dimensions,minor
Sandpipers lantern,viridianbay.com,weight,minor
Glass Palazzo Lantern,viridianbay.com,dimensions,minor
Glass Palazzo Lantern,viridianbay.com,weight,minor
Aluminium Glow Night Garden Edging,viridianbay.com,dimensions,minor
Aluminium Glow Night Garden Edging,viridianbay.com,weight,minor
Glass Pathfinder Deer Lantern,viridianbay.com,dimensions,minor
Glass Pathfinder Deer Lantern,viridianbay.com,weight,minor
Rattan Patio Garden Backyard,thecozygarden.com,dimensions,minor
Rattan Patio Garden Backyard,thecozygarden.com,weight,minor
Glass Bloom Feathers Lantern Short,viridianbay.com,dimensions,minor
Glass Bloom Feathers Lantern Short,viridianbay.com,weight,minor
Glass Ming Temple Lantern,viridianbay.com,dimensions,minor
Glass Ming Temple Lantern,viridianbay.com,weight,minor
Stoneware Teapot,fermliving.com,dimensions,minor
Stoneware Teapot,fermliving.com,weight,minor
Aluminium Serve Sea Garden Stool,viridianbay.com,dimensions,minor
Aluminium Serve Sea Garden Stool,viridianbay.com,weight,minor
Red Steel Kitchen Piece,thecozygarden.com,dimensions,minor
Red Steel Kitchen Piece,thecozygarden.com,weight,minor
Stoneware Table Diameter Last Chance,viridianbay.com,dimensions,minor
Stoneware Table Diameter Last Chance,viridianbay.com,weight,minor
Ceramic Share Table Essential,viridianbay.com,dimensions,minor
Ceramic Share Table Essential,viridianbay.com,weight,minor
Metal Gather Wall Sconce Painted,lewpe.com,dimensions,minor
Metal Gather Wall Sconce Painted,lewpe.com,weight,minor
Metal Gather Wall Sconce Painted,lewpe.com,variants,minor
Aluminium Share Tides Garden Stool,viridianbay.com,dimensions,minor
Aluminium Share Tides Garden Stool,viridianbay.com,weight,minor
Aluminium Table Abuzz Garden Stool,viridianbay.com,dimensions,minor
Aluminium Table Abuzz Garden Stool,viridianbay.com,weight,minor
Lamp Beech Wood,lewpe.com,dimensions,minor
Lamp Beech Wood,lewpe.com,weight,minor
Lamp Beech Wood,lewpe.com,variants,minor
Iron Clip Mount Lamp,lewpe.com,dimensions,minor
Iron Clip Mount Lamp,lewpe.com,weight,minor
Iron Clip Mount Lamp,lewpe.com,variants,minor
Bauhaus Glass Pendant Light,lewpe.com,weight,minor
Bauhaus Glass Pendant Light,lewpe.com,variants,minor
Wood Mount Ceiling Light,lewpe.com,dimensions,minor
Wood Mount Ceiling Light,lewpe.com,weight,minor
Wood Mount Ceiling Light,lewpe.com,variants,minor
Glass Yellow Glow Semi-Flush Ceiling Light,lewpe.com,weight,minor
Cloud Pendant Light,lewpe.com,weight,minor
Cloud Pendant Light,lewpe.com,variants,minor
Black Glass Lighting Piece,lampenwelt.de,weight,minor
Black Glass Lighting Piece,lampenwelt.de,variants,minor
Glass Pendant Light,lewpe.com,weight,minor
Glass Pendant Light,lewpe.com,variants,minor
Aluminium Ambient Led Wall Sconce,lewpe.com,weight,minor
Aluminium Ambient Led Wall Sconce,lewpe.com,variants,minor
Green Iron Party Decoration,thecozygarden.com,dimensions,minor
Green Iron Party Decoration,thecozygarden.com,weight,minor
Bamboo Box Light Celedon,fermliving.com,dimensions,minor
Bamboo Box Light Celedon,fermliving.com,weight,minor
Art Deco Tiered Glass Mount Ceiling Light,lewpe.com,weight,minor
Art Deco Tiered Glass Mount Ceiling Light,lewpe.com,variants,minor
Walnut Beacon Lamp Fabric Shade,lewpe.com,dimensions,minor
Walnut Beacon Lamp Fabric Shade,lewpe.com,weight,minor
Walnut Beacon Lamp Fabric Shade,lewpe.com,variants,minor
Iron Blue Ambient Party Home Decoration,thecozygarden.com,dimensions,minor
Iron Blue Ambient Party Home Decoration,thecozygarden.com,weight,minor
Bamboo Pinboard Light Celedon,fermliving.com,dimensions,minor
Bamboo Pinboard Light Celedon,fermliving.com,weight,minor
Glass Halo Sconce Ring Base,lewpe.com,dimensions,minor
Glass Halo Sconce Ring Base,lewpe.com,weight,minor
Glass Halo Sconce Ring Base,lewpe.com,variants,minor
Aluminium Ambient Wall Sconce Acrylic,lewpe.com,weight,minor
Aluminium Ambient Wall Sconce Acrylic,lewpe.com,variants,minor
Glass Beacon Ceiling Light Iron,lewpe.com,weight,minor
Glass Beacon Ceiling Light Iron,lewpe.com,variants,minor
Oak Glow Shelf Square Oiled,fermliving.com,dimensions,minor
Oak Glow Shelf Square Oiled,fermliving.com,weight,minor
Oak Ambient Shelf Low Oiled,fermliving.com,dimensions,minor
Oak Ambient Shelf Low Oiled,fermliving.com,weight,minor
Metal Glow Curved-Arm Ceiling Light,lewpe.com,dimensions,minor
Metal Glow Curved-Arm Ceiling Light,lewpe.com,weight,minor
Blue Glow Firefly Lawn Lamps,thecozygarden.com,material,minor
Blue Glow Firefly Lawn Lamps,thecozygarden.com,dimensions,minor
Blue Glow Firefly Lawn Lamps,thecozygarden.com,weight,minor
White Ambient Falling Like Dew,thecozygarden.com,material,minor
White Ambient Falling Like Dew,thecozygarden.com,dimensions,minor
White Ambient Falling Like Dew,thecozygarden.com,weight,minor
Rattan Rust Halo Climbing Plants-Rustic Brown,thecozygarden.com,dimensions,minor
Rattan Rust Halo Climbing Plants-Rustic Brown,thecozygarden.com,weight,minor
Rattan Red Halo Brown Color Brown,thecozygarden.com,dimensions,minor
Rattan Red Halo Brown Color Brown,thecozygarden.com,weight,minor
Halo Pillar Candles Bronze,fermliving.com,material,minor
Halo Pillar Candles Bronze,fermliving.com,dimensions,minor
Halo Pillar Candles Bronze,fermliving.com,weight,minor
Glass Halo Sconce Painted Iron,lewpe.com,dimensions,minor
Glass Halo Sconce Painted Iron,lewpe.com,weight,minor
Iron Red Glow Hanging Bird House,thecozygarden.com,dimensions,minor
Iron Red Glow Hanging Bird House,thecozygarden.com,weight,minor
Rattan White Keep Garden Cushion-White Color,thecozygarden.com,dimensions,minor
Rattan White Keep Garden Cushion-White Color,thecozygarden.com,weight,minor
Teak Storage Bench,thecozygarden.com,dimensions,minor
Teak Storage Bench,thecozygarden.com,weight,minor
Aluminium Keep Storage Piece,fermliving.com,dimensions,minor
Aluminium Keep Storage Piece,fermliving.com,weight,minor
Plastic Grey Stack Storage Piece,thecozygarden.com,dimensions,minor
Plastic Grey Stack Storage Piece,thecozygarden.com,weight,minor
Steel Keep Shoe Storage Carbon,lewpe.com,dimensions,minor
Steel Keep Shoe Storage Carbon,lewpe.com,weight,minor
Metal Green Tidy Greenhouse Flower Rack,thecozygarden.com,dimensions,minor
Metal Green Tidy Greenhouse Flower Rack,thecozygarden.com,weight,minor
Steel Anthracite Keep X38 X24 Galvanized,thecozygarden.com,dimensions,minor
Steel Anthracite Keep X38 X24 Galvanized,thecozygarden.com,weight,minor
Steel Red Tidy Grilling Canopy Garden,thecozygarden.com,dimensions,minor
Steel Red Tidy Grilling Canopy Garden,thecozygarden.com,weight,minor
Lounge Cushions Aluminum,thecozygarden.com,dimensions,minor
Lounge Cushions Aluminum,thecozygarden.com,weight,minor
Steel Green Terrace X150 X70 Galvanized,thecozygarden.com,dimensions,minor
Steel Green Terrace X150 X70 Galvanized,thecozygarden.com,weight,minor
Aluminium Feathers Garden Stool,viridianbay.com,dimensions,minor
Aluminium Feathers Garden Stool,viridianbay.com,weight,minor
Rattan Brown Breeze Lounge Cushions Poly,thecozygarden.com,dimensions,minor
Rattan Brown Breeze Lounge Cushions Poly,thecozygarden.com,weight,minor
Aluminium Shade Coco Garden Stool,viridianbay.com,dimensions,minor
Aluminium Shade Coco Garden Stool,viridianbay.com,weight,minor
Aluminium Terrace Sea Garden Stool,viridianbay.com,dimensions,minor
Aluminium Terrace Sea Garden Stool,viridianbay.com,weight,minor
Steel Grey Planter,thecozygarden.com,dimensions,minor
Steel Grey Planter,thecozygarden.com,weight,minor
Black Pine Planter,thecozygarden.com,dimensions,minor
Black Pine Planter,thecozygarden.com,weight,minor
Wooden Garden Planter,thecozygarden.com,dimensions,minor
Wooden Garden Planter,thecozygarden.com,weight,minor
Aluminum Girasole Planter Trellis,viridianbay.com,dimensions,minor
Aluminum Girasole Planter Trellis,viridianbay.com,weight,minor
Pine Basin Pcs Impregnated Wood,thecozygarden.com,dimensions,minor
Pine Basin Pcs Impregnated Wood,thecozygarden.com,weight,minor
Aluminium Planter Tropical Flamingo Planters,viridianbay.com,dimensions,minor
Aluminium Planter Tropical Flamingo Planters,viridianbay.com,weight,minor
Aluminium Pot Staked Planter Candleholder,viridianbay.com,dimensions,minor
Aluminium Pot Staked Planter Candleholder,viridianbay.com,weight,minor
Ceramic Vessel Vase- Last Chance,viridianbay.com,dimensions,minor
Ceramic Vessel Vase- Last Chance,viridianbay.com,weight,minor
Ceramic Planter Vase Last Chance,viridianbay.com,dimensions,minor
Ceramic Planter Vase Last Chance,viridianbay.com,weight,minor
Aluminium Basin Bird Feeder Planter,viridianbay.com,dimensions,minor
Aluminium Basin Bird Feeder Planter,viridianbay.com,weight,minor
Wood Natural Planter Planter 70-Inch 31-Inch,thecozygarden.com,dimensions,minor
Wood Natural Planter Planter 70-Inch 31-Inch,thecozygarden.com,weight,minor
Wall Panel Felt-Backed,lewpe.com,weight,minor
Wall Panel Walnut,lewpe.com,weight,minor
Panel 4-Pack Quilted,lewpe.com,weight,minor
Pine Wall Panel Finish,lewpe.com,weight,minor
Steel Anthracite Texture Galvanized X32 X60,thecozygarden.com,dimensions,minor
Steel Anthracite Texture Galvanized X32 X60,thecozygarden.com,weight,minor
Acacia Bed Porch Yard,thecozygarden.com,dimensions,minor
Acacia Bed Porch Yard,thecozygarden.com,weight,minor
Glass Lighthouse Lantern,viridianbay.com,dimensions,minor
Glass Lighthouse Lantern,viridianbay.com,weight,minor
Walnut Hexagon Wall Panel,lewpe.com,weight,minor
Iron Green Relief Blue Yellow Brown,thecozygarden.com,dimensions,minor
Iron Green Relief Blue Yellow Brown,thecozygarden.com,weight,minor
Iron Natural Texture Box Legs-Natural Color,thecozygarden.com,dimensions,minor
Iron Natural Texture Box Legs-Natural Color,thecozygarden.com,weight,minor
Acacia Rhythm X11 Solid Wood,thecozygarden.com,dimensions,minor
Acacia Rhythm X11 Solid Wood,thecozygarden.com,weight,minor